Model: ,Oscilloscope MSO-X 2012A
Serial Number:,MY54020352
Address: ,USBInstrument4
Date: ,2025-05-20 12:01:27

Analog Sample Count:,914,

Setup Text Information:,
ANALOG,,,TRIGGER,,,HORIZONTAL,,,ACQUISITION,,,MEASUREMENTS,,,,,,,,,,,,
Ch 1,,,,,,,,,,,,Maximum(2),,,Maximum(1),,,Period(1),,,Frequency(1),,,
Scale,10 mV/,,Sweep Mode,Auto,,Mode,ROLL,,Mode,NORM,,Cur,No signal,,Cur,0.0302,,Cur,0.043,,Cur,23.3,,
Pos,0 V,,Coup,DC,,Ref,CENT,,Realtime,On,,,,,,,,,,,,,,
Coup,DC,,Noise Rej,Off,,Main Scale,500 ms/,,Vectors,On,,,,,,,,,,,,,,
BW,Off,,HF Rej,Off,,Main Delay,-2.5 s,,Persistence,Off,,,,,,,,,,,,,,
Inv,Off,,Holdoff,40.0 ns,,,,,,,,,,,,,,,,,,,,
Imp,1M Ohm,,Mode,NONE,,,,,,,,,,,,,,,,,,,,
Probe,1 : 1,,Source,Ch 1,,,,,,,,,,,,,,,,,,,,
Skew,0 s,,Slope,POS,,,,,,,,,,,,,,,,,,,,
,,,Level,60 mV,,,,,,,,,,,,,,,,,,,,

Analog Channels,,,,
Sample Number,Time (s),1 (VOLT),,
1,-5,0.0112562829162925,,
2,-4.99453125,0.0124623132287525,,
3,-4.9890625,0.0132663334370591,,
4,-4.98359375,0.0112562829162925,,
5,-4.978125,0.0124623132287525,,
6,-4.97265625,0.0116582930204459,,
7,-4.9671875,0.0116582930204459,,
8,-4.96171875,0.0124623132287525,,
9,-4.95625,0.0112562829162925,,
10,-4.95078125,0.0136683435412124,,
11,-4.9453125,0.0112562829162925,,
12,-4.93984375,0.0148743738536723,,
13,-4.934375,0.0120603031245992,,
14,-4.92890625,0.0116582930204459,,
15,-4.9234375,0.0124623132287525,,
16,-4.91796875,0.0112562829162925,,
17,-4.9125,0.0120603031245992,,
18,-4.90703125,0.0132663334370591,,
19,-4.9015625,0.0124623132287525,,
20,-4.89609375,0.0128643233329058,,
21,-4.890625,0.0124623132287525,,
22,-4.88515625,0.0128643233329058,,
23,-4.8796875,0.0124623132287525,,
24,-4.87421875,0.0128643233329058,,
25,-4.86875,0.0124623132287525,,
26,-4.86328125,0.0120603031245992,,
27,-4.8578125,0.0124623132287525,,
28,-4.85234375,0.0112562829162925,,
29,-4.846875,0.0128643233329058,,
30,-4.84140625,0.0116582930204459,,
31,-4.8359375,0.0112562829162925,,
32,-4.83046875,0.0108542728121392,,
33,-4.825,0.0132663334370591,,
34,-4.81953125,0.0116582930204459,,
35,-4.8140625,0.0120603031245992,,
36,-4.80859375,0.0116582930204459,,
37,-4.803125,0.0124623132287525,,
38,-4.79765625,0.0120603031245992,,
39,-4.7921875,0.0112562829162925,,
40,-4.78671875,0.0128643233329058,,
41,-4.78125,0.0128643233329058,,
42,-4.77578125,0.0112562829162925,,
43,-4.7703125,0.0128643233329058,,
44,-4.76484375,0.0112562829162925,,
45,-4.759375,0.0116582930204459,,
46,-4.75390625,0.0120603031245992,,
47,-4.7484375,0.0128643233329058,,
48,-4.74296875,0.0116582930204459,,
49,-4.7375,0.0108542728121392,,
50,-4.73203125,0.0132663334370591,,
51,-4.7265625,0.0116582930204459,,
52,-4.72109375,0.0140703536453657,,
53,-4.715625,0.0112562829162925,,
54,-4.71015625,0.0128643233329058,,
55,-4.7046875,0.0124623132287525,,
56,-4.69921875,0.0112562829162925,,
57,-4.69375,0.0120603031245992,,
58,-4.68828125,0.0108542728121392,,
59,-4.6828125,0.00603015156229958,,
60,-4.67734375,0.0104522627079859,,
61,-4.671875,0.0108542728121392,,
62,-4.66640625,0.0120603031245992,,
63,-4.6609375,0.0120603031245992,,
64,-4.65546875,0.0128643233329058,,
65,-4.65,0.0120603031245992,,
66,-4.64453125,0.0128643233329058,,
67,-4.6390625,0.0108542728121392,,
68,-4.63359375,0.0108542728121392,,
69,-4.628125,0.0136683435412124,,
70,-4.62265625,0.0108542728121392,,
71,-4.6171875,0.0108542728121392,,
72,-4.61171875,0.0124623132287525,,
73,-4.60625,0.0124623132287525,,
74,-4.60078125,0.0116582930204459,,
75,-4.5953125,0.0132663334370591,,
76,-4.58984375,0.0112562829162925,,
77,-4.584375,0.0120603031245992,,
78,-4.57890625,0.0128643233329058,,
79,-4.5734375,0.0112562829162925,,
80,-4.56796875,0.0108542728121392,,
81,-4.5625,0.0112562829162925,,
82,-4.55703125,0.0108542728121392,,
83,-4.5515625,0.0108542728121392,,
84,-4.54609375,0.0124623132287525,,
85,-4.540625,0.0128643233329058,,
86,-4.53515625,0.0112562829162925,,
87,-4.5296875,0.0108542728121392,,
88,-4.52421875,0.0116582930204459,,
89,-4.51875,0.0112562829162925,,
90,-4.51328125,0.0112562829162925,,
91,-4.5078125,0.0112562829162925,,
92,-4.50234375,0.0128643233329058,,
93,-4.496875,0.0132663334370591,,
94,-4.49140625,0.0120603031245992,,
95,-4.4859375,0.0108542728121392,,
96,-4.48046875,0.0120603031245992,,
97,-4.475,0.0120603031245992,,
98,-4.46953125,0.0132663334370591,,
99,-4.4640625,0.014472363749519,,
100,-4.45859375,0.0136683435412124,,
101,-4.453125,0.0128643233329058,,
102,-4.44765625,0.0112562829162925,,
103,-4.4421875,0.0116582930204459,,
104,-4.43671875,0.0124623132287525,,
105,-4.43125,0.0120603031245992,,
106,-4.42578125,0.0124623132287525,,
107,-4.4203125,0.0112562829162925,,
108,-4.41484375,0.0116582930204459,,
109,-4.409375,0.0112562829162925,,
110,-4.40390625,0.0116582930204459,,
111,-4.3984375,0.0128643233329058,,
112,-4.39296875,0.0116582930204459,,
113,-4.3875,0.0112562829162925,,
114,-4.38203125,0.0120603031245992,,
115,-4.3765625,0.0112562829162925,,
116,-4.37109375,0.0120603031245992,,
117,-4.365625,0.0120603031245992,,
118,-4.36015625,0.0120603031245992,,
119,-4.3546875,0.0116582930204459,,
120,-4.34921875,0.0140703536453657,,
121,-4.34375,0.0136683435412124,,
122,-4.33828125,0.0112562829162925,,
123,-4.3328125,0.0124623132287525,,
124,-4.32734375,0.0116582930204459,,
125,-4.321875,0.0108542728121392,,
126,-4.31640625,0.0128643233329058,,
127,-4.3109375,0.0116582930204459,,
128,-4.30546875,0.0116582930204459,,
129,-4.3,0.0116582930204459,,
130,-4.29453125,0.0116582930204459,,
131,-4.2890625,0.0112562829162925,,
132,-4.28359375,0.0112562829162925,,
133,-4.278125,0.0128643233329058,,
134,-4.27265625,0.0120603031245992,,
135,-4.2671875,0.0148743738536723,,
136,-4.26171875,0.0136683435412124,,
137,-4.25625,0.0128643233329058,,
138,-4.25078125,0.0120603031245992,,
139,-4.2453125,0.0108542728121392,,
140,-4.23984375,0.0124623132287525,,
141,-4.234375,0.0124623132287525,,
142,-4.22890625,0.0124623132287525,,
143,-4.2234375,0.0132663334370591,,
144,-4.21796875,0.0116582930204459,,
145,-4.2125,0.0120603031245992,,
146,-4.20703125,0.0120603031245992,,
147,-4.2015625,0.0136683435412124,,
148,-4.19609375,0.0116582930204459,,
149,-4.190625,0.0128643233329058,,
150,-4.18515625,0.0140703536453657,,
151,-4.1796875,0.0112562829162925,,
152,-4.17421875,0.0116582930204459,,
153,-4.16875,0.0120603031245992,,
154,-4.16328125,0.0120603031245992,,
155,-4.1578125,0.0120603031245992,,
156,-4.15234375,0.0124623132287525,,
157,-4.146875,0.0140703536453657,,
158,-4.14140625,0.0140703536453657,,
159,-4.1359375,0.0156783940619789,,
160,-4.13046875,0.0156783940619789,,
161,-4.125,0.0172864344785921,,
162,-4.11953125,0.0152763839578256,,
163,-4.1140625,0.0168844243744388,,
164,-4.10859375,0.0188944748952053,,
165,-4.103125,0.0148743738536723,,
166,-4.09765625,0.0164824142702855,,
167,-4.0921875,0.0176884445827454,,
168,-4.08671875,0.0136683435412124,,
169,-4.08125,0.0168844243744388,,
170,-4.07578125,0.0132663334370591,,
171,-4.0703125,0.0132663334370591,,
172,-4.06484375,0.0148743738536723,,
173,-4.059375,0.0164824142702855,,
174,-4.05390625,0.0132663334370591,,
175,-4.0484375,0.0132663334370591,,
176,-4.04296875,0.0128643233329058,,
177,-4.0375,0.0116582930204459,,
178,-4.03203125,0.0124623132287525,,
179,-4.0265625,0.0156783940619789,,
180,-4.02109375,0.0116582930204459,,
181,-4.015625,0.0128643233329058,,
182,-4.01015625,0.0128643233329058,,
183,-4.0046875,0.0132663334370591,,
184,-3.99921875,0.0128643233329058,,
185,-3.99375,0.0148743738536723,,
186,-3.98828125,0.0120603031245992,,
187,-3.9828125,0.0116582930204459,,
188,-3.97734375,0.0156783940619789,,
189,-3.971875,0.0120603031245992,,
190,-3.96640625,0.0112562829162925,,
191,-3.9609375,0.0164824142702855,,
192,-3.95546875,0.0116582930204459,,
193,-3.95,0.0124623132287525,,
194,-3.94453125,0.0160804041661322,,
195,-3.9390625,0.0132663334370591,,
196,-3.93359375,0.0132663334370591,,
197,-3.928125,0.0168844243744388,,
198,-3.92265625,0.0152763839578256,,
199,-3.9171875,0.0116582930204459,,
200,-3.91171875,0.0156783940619789,,
201,-3.90625,0.0128643233329058,,
202,-3.90078125,0.0128643233329058,,
203,-3.8953125,0.0160804041661322,,
204,-3.88984375,0.0116582930204459,,
205,-3.884375,0.0108542728121392,,
206,-3.87890625,0.0160804041661322,,
207,-3.8734375,0.0128643233329058,,
208,-3.86796875,0.0140703536453657,,
209,-3.8625,0.0148743738536723,,
210,-3.85703125,0.014472363749519,,
211,-3.8515625,0.0124623132287525,,
212,-3.84609375,0.0136683435412124,,
213,-3.840625,0.0124623132287525,,
214,-3.83515625,0.0112562829162925,,
215,-3.8296875,0.0132663334370591,,
216,-3.82421875,0.0152763839578256,,
217,-3.81875,0.0124623132287525,,
218,-3.81328125,0.014472363749519,,
219,-3.8078125,0.0152763839578256,,
220,-3.80234375,0.0136683435412124,,
221,-3.796875,0.0132663334370591,,
222,-3.79140625,0.0156783940619789,,
223,-3.7859375,0.0132663334370591,,
224,-3.78046875,0.0140703536453657,,
225,-3.775,0.0152763839578256,,
226,-3.76953125,0.0104522627079859,,
227,-3.7640625,0.0136683435412124,,
228,-3.75859375,0.0156783940619789,,
229,-3.753125,0.0104522627079859,,
230,-3.74765625,0.0140703536453657,,
231,-3.7421875,0.0148743738536723,,
232,-3.73671875,0.0124623132287525,,
233,-3.73125,0.014472363749519,,
234,-3.72578125,0.0148743738536723,,
235,-3.7203125,0.0124623132287525,,
236,-3.71484375,0.0140703536453657,,
237,-3.709375,0.0148743738536723,,
238,-3.70390625,0.0128643233329058,,
239,-3.6984375,0.0148743738536723,,
240,-3.69296875,0.014472363749519,,
241,-3.6875,0.0132663334370591,,
242,-3.68203125,0.0132663334370591,,
243,-3.6765625,0.014472363749519,,
244,-3.67109375,0.0152763839578256,,
245,-3.665625,0.0116582930204459,,
246,-3.66015625,0.0160804041661322,,
247,-3.6546875,0.0148743738536723,,
248,-3.64921875,0.0128643233329058,,
249,-3.64375,0.0148743738536723,,
250,-3.63828125,0.0132663334370591,,
251,-3.6328125,0.0116582930204459,,
252,-3.62734375,0.0172864344785921,,
253,-3.621875,0.0124623132287525,,
254,-3.61640625,0.0132663334370591,,
255,-3.6109375,0.0148743738536723,,
256,-3.60546875,0.0152763839578256,,
257,-3.6,0.0128643233329058,,
258,-3.59453125,0.0152763839578256,,
259,-3.5890625,0.0128643233329058,,
260,-3.58359375,0.0120603031245992,,
261,-3.578125,0.0156783940619789,,
262,-3.57265625,0.0132663334370591,,
263,-3.5671875,0.0112562829162925,,
264,-3.56171875,0.0168844243744388,,
265,-3.55625,0.0128643233329058,,
266,-3.55078125,0.0120603031245992,,
267,-3.5453125,0.0156783940619789,,
268,-3.53984375,0.0136683435412124,,
269,-3.534375,0.0112562829162925,,
270,-3.52890625,0.0124623132287525,,
271,-3.5234375,0.0152763839578256,,
272,-3.51796875,0.0120603031245992,,
273,-3.5125,0.0132663334370591,,
274,-3.50703125,0.014472363749519,,
275,-3.5015625,0.0132663334370591,,
276,-3.49609375,0.0136683435412124,,
277,-3.490625,0.014472363749519,,
278,-3.48515625,0.0128643233329058,,
279,-3.4796875,0.0136683435412124,,
280,-3.47421875,0.0140703536453657,,
281,-3.46875,0.0132663334370591,,
282,-3.46328125,0.0120603031245992,,
283,-3.4578125,0.0128643233329058,,
284,-3.45234375,0.0116582930204459,,
285,-3.446875,0.0140703536453657,,
286,-3.44140625,0.0136683435412124,,
287,-3.4359375,0.0124623132287525,,
288,-3.43046875,0.0140703536453657,,
289,-3.425,0.0164824142702855,,
290,-3.41953125,0.0116582930204459,,
291,-3.4140625,0.0128643233329058,,
292,-3.40859375,0.0156783940619789,,
293,-3.403125,0.0116582930204459,,
294,-3.39765625,0.0168844243744388,,
295,-3.3921875,0.0124623132287525,,
296,-3.38671875,0.0136683435412124,,
297,-3.38125,0.0128643233329058,,
298,-3.37578125,0.0140703536453657,,
299,-3.3703125,0.0128643233329058,,
300,-3.36484375,0.0136683435412124,,
301,-3.359375,0.0148743738536723,,
302,-3.35390625,0.0124623132287525,,
303,-3.3484375,0.0140703536453657,,
304,-3.34296875,0.0152763839578256,,
305,-3.3375,0.0116582930204459,,
306,-3.33203125,0.0148743738536723,,
307,-3.3265625,0.0152763839578256,,
308,-3.32109375,0.0140703536453657,,
309,-3.315625,0.0120603031245992,,
310,-3.31015625,0.0172864344785921,,
311,-3.3046875,0.0136683435412124,,
312,-3.29921875,0.0120603031245992,,
313,-3.29375,0.0180904546868987,,
314,-3.28828125,0.0132663334370591,,
315,-3.2828125,0.0108542728121392,,
316,-3.27734375,0.014472363749519,,
317,-3.271875,0.0128643233329058,,
318,-3.26640625,0.0124623132287525,,
319,-3.2609375,0.014472363749519,,
320,-3.25546875,0.0156783940619789,,
321,-3.25,0.00844221218721941,,
322,-3.24453125,0.0136683435412124,,
323,-3.2390625,0.0128643233329058,,
324,-3.23359375,0.0116582930204459,,
325,-3.228125,0.014472363749519,,
326,-3.22265625,0.0112562829162925,,
327,-3.2171875,0.0116582930204459,,
328,-3.21171875,0.0136683435412124,,
329,-3.20625,0.0116582930204459,,
330,-3.20078125,0.0136683435412124,,
331,-3.1953125,0.0140703536453657,,
332,-3.18984375,0.0112562829162925,,
333,-3.184375,0.0120603031245992,,
334,-3.17890625,0.0128643233329058,,
335,-3.1734375,0.0120603031245992,,
336,-3.16796875,0.0124623132287525,,
337,-3.1625,0.0136683435412124,,
338,-3.15703125,0.0108542728121392,,
339,-3.1515625,0.0120603031245992,,
340,-3.14609375,0.0132663334370591,,
341,-3.140625,0.0116582930204459,,
342,-3.13515625,0.0116582930204459,,
343,-3.1296875,0.0116582930204459,,
344,-3.12421875,0.0120603031245992,,
345,-3.11875,0.0140703536453657,,
346,-3.11328125,0.0132663334370591,,
347,-3.1078125,0.0140703536453657,,
348,-3.10234375,0.0112562829162925,,
349,-3.096875,0.0156783940619789,,
350,-3.09140625,0.0132663334370591,,
351,-3.0859375,0.0128643233329058,,
352,-3.08046875,0.0136683435412124,,
353,-3.075,0.0124623132287525,,
354,-3.06953125,0.0120603031245992,,
355,-3.0640625,0.0140703536453657,,
356,-3.05859375,0.0132663334370591,,
357,-3.053125,0.0112562829162925,,
358,-3.04765625,0.0120603031245992,,
359,-3.0421875,0.0132663334370591,,
360,-3.03671875,0.0132663334370591,,
361,-3.03125,0.014472363749519,,
362,-3.02578125,0.0152763839578256,,
363,-3.0203125,0.0132663334370591,,
364,-3.01484375,0.0148743738536723,,
365,-3.009375,0.0136683435412124,,
366,-3.00390625,0.0132663334370591,,
367,-2.9984375,0.0132663334370591,,
368,-2.99296875,0.0116582930204459,,
369,-2.9875,0.0148743738536723,,
370,-2.98203125,0.0132663334370591,,
371,-2.9765625,0.0136683435412124,,
372,-2.97109375,0.014472363749519,,
373,-2.965625,0.0124623132287525,,
374,-2.96015625,0.0128643233329058,,
375,-2.9546875,0.0124623132287525,,
376,-2.94921875,0.0148743738536723,,
377,-2.94375,0.0136683435412124,,
378,-2.93828125,0.0128643233329058,,
379,-2.9328125,0.0132663334370591,,
380,-2.92734375,0.0160804041661322,,
381,-2.921875,0.0124623132287525,,
382,-2.91640625,0.0128643233329058,,
383,-2.9109375,0.0148743738536723,,
384,-2.90546875,0.0132663334370591,,
385,-2.9,0.0136683435412124,,
386,-2.89453125,0.014472363749519,,
387,-2.8890625,0.0128643233329058,,
388,-2.88359375,0.0124623132287525,,
389,-2.878125,0.0140703536453657,,
390,-2.87265625,0.0116582930204459,,
391,-2.8671875,0.014472363749519,,
392,-2.86171875,0.0160804041661322,,
393,-2.85625,0.0124623132287525,,
394,-2.85078125,0.00804020208306611,,
395,-2.8453125,0.014472363749519,,
396,-2.83984375,0.014472363749519,,
397,-2.834375,0.0140703536453657,,
398,-2.82890625,0.0148743738536723,,
399,-2.8234375,0.0148743738536723,,
400,-2.81796875,0.0128643233329058,,
401,-2.8125,0.0140703536453657,,
402,-2.80703125,0.0132663334370591,,
403,-2.8015625,0.014472363749519,,
404,-2.79609375,0.0112562829162925,,
405,-2.790625,0.0128643233329058,,
406,-2.78515625,0.0116582930204459,,
407,-2.7796875,0.0132663334370591,,
408,-2.77421875,0.0128643233329058,,
409,-2.76875,0.0132663334370591,,
410,-2.76328125,0.0132663334370591,,
411,-2.7578125,0.00924623239552602,,
412,-2.75234375,0.0132663334370591,,
413,-2.746875,0.0148743738536723,,
414,-2.74140625,0.0152763839578256,,
415,-2.7359375,0.0128643233329058,,
416,-2.73046875,0.0148743738536723,,
417,-2.725,0.0124623132287525,,
418,-2.71953125,0.0124623132287525,,
419,-2.7140625,0.0140703536453657,,
420,-2.70859375,0.014472363749519,,
421,-2.703125,0.0140703536453657,,
422,-2.69765625,0.0156783940619789,,
423,-2.6921875,0.014472363749519,,
424,-2.68671875,0.0172864344785921,,
425,-2.68125,0.0172864344785921,,
426,-2.67578125,0.0172864344785921,,
427,-2.6703125,0.0172864344785921,,
428,-2.66484375,0.0180904546868987,,
429,-2.659375,0.0172864344785921,,
430,-2.65390625,0.0148743738536723,,
431,-2.6484375,0.0164824142702855,,
432,-2.64296875,0.0148743738536723,,
433,-2.6375,0.0148743738536723,,
434,-2.63203125,0.0168844243744388,,
435,-2.6265625,0.0172864344785921,,
436,-2.62109375,0.014472363749519,,
437,-2.615625,0.0140703536453657,,
438,-2.61015625,0.0164824142702855,,
439,-2.6046875,0.0152763839578256,,
440,-2.59921875,0.0148743738536723,,
441,-2.59375,0.0140703536453657,,
442,-2.58828125,0.0136683435412124,,
443,-2.5828125,0.0136683435412124,,
444,-2.57734375,0.0168844243744388,,
445,-2.571875,0.0136683435412124,,
446,-2.56640625,0.0120603031245992,,
447,-2.5609375,0.0156783940619789,,
448,-2.55546875,0.0128643233329058,,
449,-2.55,0.0132663334370591,,
450,-2.54453125,0.0176884445827454,,
451,-2.5390625,0.0136683435412124,,
452,-2.53359375,0.0112562829162925,,
453,-2.528125,0.0152763839578256,,
454,-2.52265625,0.0132663334370591,,
455,-2.5171875,0.0116582930204459,,
456,-2.51171875,0.0168844243744388,,
457,-2.50625,0.0136683435412124,,
458,-2.50078125,0.0128643233329058,,
459,-2.4953125,0.014472363749519,,
460,-2.48984375,0.0148743738536723,,
461,-2.484375,0.0128643233329058,,
462,-2.47890625,0.0132663334370591,,
463,-2.4734375,0.0136683435412124,,
464,-2.46796875,0.0132663334370591,,
465,-2.4625,0.0140703536453657,,
466,-2.45703125,0.0148743738536723,,
467,-2.4515625,0.0120603031245992,,
468,-2.44609375,0.0140703536453657,,
469,-2.440625,0.0140703536453657,,
470,-2.43515625,0.0124623132287525,,
471,-2.4296875,0.0136683435412124,,
472,-2.42421875,0.014472363749519,,
473,-2.41875,0.0116582930204459,,
474,-2.41328125,0.0132663334370591,,
475,-2.4078125,0.0140703536453657,,
476,-2.40234375,0.0124623132287525,,
477,-2.396875,0.0136683435412124,,
478,-2.39140625,0.0136683435412124,,
479,-2.3859375,0.0128643233329058,,
480,-2.38046875,0.0132663334370591,,
481,-2.375,0.0160804041661322,,
482,-2.36953125,0.0124623132287525,,
483,-2.3640625,0.0140703536453657,,
484,-2.35859375,0.0148743738536723,,
485,-2.353125,0.0132663334370591,,
486,-2.34765625,0.0156783940619789,,
487,-2.3421875,0.014472363749519,,
488,-2.33671875,0.0132663334370591,,
489,-2.33125,0.0136683435412124,,
490,-2.32578125,0.014472363749519,,
491,-2.3203125,0.0112562829162925,,
492,-2.31484375,0.014472363749519,,
493,-2.309375,0.014472363749519,,
494,-2.30390625,0.0136683435412124,,
495,-2.2984375,0.0128643233329058,,
496,-2.29296875,0.0160804041661322,,
497,-2.2875,0.0120603031245992,,
498,-2.28203125,0.00603015156229958,,
499,-2.2765625,0.0160804041661322,,
500,-2.27109375,0.0124623132287525,,
501,-2.265625,0.0128643233329058,,
502,-2.26015625,0.0168844243744388,,
503,-2.2546875,0.0128643233329058,,
504,-2.24921875,0.0180904546868987,,
505,-2.24375,0.0156783940619789,,
506,-2.23828125,0.0112562829162925,,
507,-2.2328125,0.0128643233329058,,
508,-2.22734375,0.0172864344785921,,
509,-2.221875,0.0124623132287525,,
510,-2.21640625,0.0140703536453657,,
511,-2.2109375,0.0148743738536723,,
512,-2.20546875,0.0132663334370591,,
513,-2.2,0.0136683435412124,,
514,-2.19453125,0.0160804041661322,,
515,-2.1890625,0.0132663334370591,,
516,-2.18359375,0.0120603031245992,,
517,-2.178125,0.0160804041661322,,
518,-2.17265625,0.0132663334370591,,
519,-2.1671875,0.0108542728121392,,
520,-2.16171875,0.0136683435412124,,
521,-2.15625,0.0136683435412124,,
522,-2.15078125,0.0124623132287525,,
523,-2.1453125,0.0156783940619789,,
524,-2.13984375,0.0132663334370591,,
525,-2.134375,0.0128643233329058,,
526,-2.12890625,0.0148743738536723,,
527,-2.1234375,0.014472363749519,,
528,-2.11796875,0.0136683435412124,,
529,-2.1125,0.0148743738536723,,
530,-2.10703125,0.0156783940619789,,
531,-2.1015625,0.0120603031245992,,
532,-2.09609375,0.0136683435412124,,
533,-2.090625,0.0120603031245992,,
534,-2.08515625,0.0124623132287525,,
535,-2.0796875,0.0128643233329058,,
536,-2.07421875,0.014472363749519,,
537,-2.06875,0.0128643233329058,,
538,-2.06328125,0.0124623132287525,,
539,-2.0578125,0.0160804041661322,,
540,-2.05234375,0.0108542728121392,,
541,-2.046875,0.0132663334370591,,
542,-2.04140625,0.014472363749519,,
543,-2.0359375,0.0108542728121392,,
544,-2.03046875,0.0128643233329058,,
545,-2.025,0.0140703536453657,,
546,-2.01953125,0.0108542728121392,,
547,-2.0140625,0.0128643233329058,,
548,-2.00859375,0.0160804041661322,,
549,-2.003125,0.0148743738536723,,
550,-1.99765625,0.014472363749519,,
551,-1.9921875,0.0132663334370591,,
552,-1.98671875,0.0132663334370591,,
553,-1.98125,0.014472363749519,,
554,-1.97578125,0.0136683435412124,,
555,-1.9703125,0.0124623132287525,,
556,-1.96484375,0.0140703536453657,,
557,-1.959375,0.014472363749519,,
558,-1.95390625,0.0116582930204459,,
559,-1.9484375,0.014472363749519,,
560,-1.94296875,0.0148743738536723,,
561,-1.9375,0.0120603031245992,,
562,-1.93203125,0.0132663334370591,,
563,-1.9265625,0.0140703536453657,,
564,-1.92109375,0.0104522627079859,,
565,-1.915625,0.0132663334370591,,
566,-1.91015625,0.0201005052076653,,
567,-1.9046875,0.0136683435412124,,
568,-1.89921875,0.0116582930204459,,
569,-1.89375,0.0152763839578256,,
570,-1.88828125,0.0128643233329058,,
571,-1.8828125,0.0120603031245992,,
572,-1.87734375,0.014472363749519,,
573,-1.871875,0.0124623132287525,,
574,-1.86640625,0.0116582930204459,,
575,-1.8609375,0.0152763839578256,,
576,-1.85546875,0.0128643233329058,,
577,-1.85,0.0108542728121392,,
578,-1.84453125,0.0168844243744388,,
579,-1.8390625,0.0132663334370591,,
580,-1.83359375,0.0116582930204459,,
581,-1.828125,0.0168844243744388,,
582,-1.82265625,0.0132663334370591,,
583,-1.8171875,0.0120603031245992,,
584,-1.81171875,0.0152763839578256,,
585,-1.80625,0.0132663334370591,,
586,-1.80078125,0.0108542728121392,,
587,-1.7953125,0.0128643233329058,,
588,-1.78984375,0.0124623132287525,,
589,-1.784375,0.0136683435412124,,
590,-1.77890625,0.0128643233329058,,
591,-1.7734375,0.0120603031245992,,
592,-1.76796875,0.0112562829162925,,
593,-1.7625,0.0124623132287525,,
594,-1.75703125,0.0132663334370591,,
595,-1.7515625,0.0116582930204459,,
596,-1.74609375,0.0136683435412124,,
597,-1.740625,0.0116582930204459,,
598,-1.73515625,0.0112562829162925,,
599,-1.7296875,0.0136683435412124,,
600,-1.72421875,0.0128643233329058,,
601,-1.71875,0.0112562829162925,,
602,-1.71328125,0.014472363749519,,
603,-1.7078125,0.014472363749519,,
604,-1.70234375,0.0116582930204459,,
605,-1.696875,0.0132663334370591,,
606,-1.69140625,0.014472363749519,,
607,-1.6859375,0.0112562829162925,,
608,-1.68046875,0.0124623132287525,,
609,-1.675,0.0124623132287525,,
610,-1.66953125,0.0132663334370591,,
611,-1.6640625,0.0120603031245992,,
612,-1.65859375,0.0140703536453657,,
613,-1.653125,0.0112562829162925,,
614,-1.64765625,0.0124623132287525,,
615,-1.6421875,0.0128643233329058,,
616,-1.63671875,0.0104522627079859,,
617,-1.63125,0.0148743738536723,,
618,-1.62578125,0.0132663334370591,,
619,-1.6203125,0.0132663334370591,,
620,-1.61484375,0.0124623132287525,,
621,-1.609375,0.0156783940619789,,
622,-1.60390625,0.0120603031245992,,
623,-1.5984375,0.0128643233329058,,
624,-1.59296875,0.0128643233329058,,
625,-1.5875,0.0132663334370591,,
626,-1.58203125,0.0140703536453657,,
627,-1.5765625,0.0116582930204459,,
628,-1.57109375,0.0120603031245992,,
629,-1.565625,0.0124623132287525,,
630,-1.56015625,0.0140703536453657,,
631,-1.5546875,0.0136683435412124,,
632,-1.54921875,0.0128643233329058,,
633,-1.54375,0.0136683435412124,,
634,-1.53828125,0.0136683435412124,,
635,-1.5328125,0.0136683435412124,,
636,-1.52734375,0.0148743738536723,,
637,-1.521875,0.0120603031245992,,
638,-1.51640625,0.0148743738536723,,
639,-1.5109375,0.0152763839578256,,
640,-1.50546875,0.0136683435412124,,
641,-1.5,0.0128643233329058,,
642,-1.49453125,0.0156783940619789,,
643,-1.4890625,0.0140703536453657,,
644,-1.48359375,0.0128643233329058,,
645,-1.478125,0.0156783940619789,,
646,-1.47265625,0.0132663334370591,,
647,-1.4671875,0.014472363749519,,
648,-1.46171875,0.0172864344785921,,
649,-1.45625,0.0172864344785921,,
650,-1.45078125,0.0160804041661322,,
651,-1.4453125,0.0176884445827454,,
652,-1.43984375,0.0148743738536723,,
653,-1.434375,0.0136683435412124,,
654,-1.42890625,0.0156783940619789,,
655,-1.4234375,0.0124623132287525,,
656,-1.41796875,0.0132663334370591,,
657,-1.4125,0.0132663334370591,,
658,-1.40703125,0.0128643233329058,,
659,-1.4015625,0.0136683435412124,,
660,-1.39609375,0.0136683435412124,,
661,-1.390625,0.0164824142702855,,
662,-1.38515625,0.0136683435412124,,
663,-1.3796875,0.014472363749519,,
664,-1.37421875,0.0128643233329058,,
665,-1.36875,0.0124623132287525,,
666,-1.36328125,0.0128643233329058,,
667,-1.3578125,0.0128643233329058,,
668,-1.35234375,0.0124623132287525,,
669,-1.346875,0.0148743738536723,,
670,-1.34140625,0.0140703536453657,,
671,-1.3359375,0.0136683435412124,,
672,-1.33046875,0.0136683435412124,,
673,-1.325,0.0136683435412124,,
674,-1.31953125,0.0128643233329058,,
675,-1.3140625,0.0132663334370591,,
676,-1.30859375,0.0148743738536723,,
677,-1.303125,0.014472363749519,,
678,-1.29765625,0.014472363749519,,
679,-1.2921875,0.014472363749519,,
680,-1.28671875,0.0140703536453657,,
681,-1.28125,0.014472363749519,,
682,-1.27578125,0.0148743738536723,,
683,-1.2703125,0.0136683435412124,,
684,-1.26484375,0.0124623132287525,,
685,-1.259375,0.0136683435412124,,
686,-1.25390625,0.0136683435412124,,
687,-1.2484375,0.0140703536453657,,
688,-1.24296875,0.0168844243744388,,
689,-1.2375,0.0140703536453657,,
690,-1.23203125,0.014472363749519,,
691,-1.2265625,0.0176884445827454,,
692,-1.22109375,0.0156783940619789,,
693,-1.215625,0.0156783940619789,,
694,-1.21015625,0.0176884445827454,,
695,-1.2046875,0.0160804041661322,,
696,-1.19921875,0.0156783940619789,,
697,-1.19375,0.0160804041661322,,
698,-1.18828125,0.0176884445827454,,
699,-1.1828125,0.0156783940619789,,
700,-1.17734375,0.0172864344785921,,
701,-1.171875,0.0148743738536723,,
702,-1.16640625,0.0140703536453657,,
703,-1.1609375,0.018492464791052,,
704,-1.15546875,0.0140703536453657,,
705,-1.15,0.0140703536453657,,
706,-1.14453125,0.0180904546868987,,
707,-1.1390625,0.0140703536453657,,
708,-1.13359375,0.0116582930204459,,
709,-1.128125,0.0168844243744388,,
710,-1.12265625,0.0136683435412124,,
711,-1.1171875,0.0148743738536723,,
712,-1.11171875,0.0172864344785921,,
713,-1.10625,0.0132663334370591,,
714,-1.10078125,0.0116582930204459,,
715,-1.0953125,0.0152763839578256,,
716,-1.08984375,0.0136683435412124,,
717,-1.084375,0.0132663334370591,,
718,-1.07890625,0.0160804041661322,,
719,-1.0734375,0.0128643233329058,,
720,-1.06796875,0.0148743738536723,,
721,-1.0625,0.00884422229137272,,
722,-1.05703125,0.014472363749519,,
723,-1.0515625,0.0132663334370591,,
724,-1.04609375,0.014472363749519,,
725,-1.040625,0.0132663334370591,,
726,-1.03515625,0.0112562829162925,,
727,-1.0296875,0.0132663334370591,,
728,-1.02421875,0.014472363749519,,
729,-1.01875,0.0124623132287525,,
730,-1.01328125,0.0140703536453657,,
731,-1.0078125,0.0156783940619789,,
732,-1.00234375,0.0120603031245992,,
733,-0.996875,0.0132663334370591,,
734,-0.99140625,0.0140703536453657,,
735,-0.9859375,0.0132663334370591,,
736,-0.98046875,0.0132663334370591,,
737,-0.975000000000001,0.0180904546868987,,
738,-0.96953125,0.0128643233329058,,
739,-0.9640625,0.0132663334370591,,
740,-0.95859375,0.0156783940619789,,
741,-0.953125,0.0108542728121392,,
742,-0.947656250000001,0.0136683435412124,,
743,-0.9421875,0.0152763839578256,,
744,-0.93671875,0.0120603031245992,,
745,-0.93125,0.0136683435412124,,
746,-0.92578125,0.0140703536453657,,
747,-0.920312500000001,0.0124623132287525,,
748,-0.91484375,0.0136683435412124,,
749,-0.909375,0.0160804041661322,,
750,-0.90390625,0.0120603031245992,,
751,-0.8984375,0.0120603031245992,,
752,-0.892968750000001,0.0156783940619789,,
753,-0.8875,0.0140703536453657,,
754,-0.88203125,0.0116582930204459,,
755,-0.8765625,0.0164824142702855,,
756,-0.87109375,0.0128643233329058,,
757,-0.865625000000001,0.0132663334370591,,
758,-0.86015625,0.0152763839578256,,
759,-0.8546875,0.0152763839578256,,
760,-0.84921875,0.0124623132287525,,
761,-0.84375,0.0148743738536723,,
762,-0.838281250000001,0.0124623132287525,,
763,-0.8328125,0.0108542728121392,,
764,-0.82734375,0.0160804041661322,,
765,-0.821875,0.0132663334370591,,
766,-0.81640625,0.0116582930204459,,
767,-0.810937500000001,0.0160804041661322,,
768,-0.80546875,0.0136683435412124,,
769,-0.800000000000001,0.0116582930204459,,
770,-0.79453125,0.0168844243744388,,
771,-0.7890625,0.014472363749519,,
772,-0.783593750000001,0.0136683435412124,,
773,-0.778125,0.0160804041661322,,
774,-0.772656250000001,0.014472363749519,,
775,-0.7671875,0.0124623132287525,,
776,-0.76171875,0.0168844243744388,,
777,-0.756250000000001,0.0136683435412124,,
778,-0.75078125,0.0108542728121392,,
779,-0.745312500000001,0.0148743738536723,,
780,-0.73984375,0.0148743738536723,,
781,-0.734375,0.0108542728121392,,
782,-0.728906250000001,0.0120603031245992,,
783,-0.7234375,0.0140703536453657,,
784,-0.717968750000001,0.0132663334370591,,
785,-0.7125,0.0140703536453657,,
786,-0.70703125,0.0148743738536723,,
787,-0.701562500000001,0.0116582930204459,,
788,-0.69609375,0.0128643233329058,,
789,-0.690625000000001,0.0132663334370591,,
790,-0.68515625,0.0128643233329058,,
791,-0.6796875,0.0140703536453657,,
792,-0.674218750000001,0.0140703536453657,,
793,-0.66875,0.0116582930204459,,
794,-0.663281250000001,0.0124623132287525,,
795,-0.6578125,0.0152763839578256,,
796,-0.65234375,0.0120603031245992,,
797,-0.646875000000001,0.0152763839578256,,
798,-0.64140625,0.0156783940619789,,
799,-0.635937500000001,0.0116582930204459,,
800,-0.63046875,0.0132663334370591,,
801,-0.625,0.0152763839578256,,
802,-0.619531250000001,0.0116582930204459,,
803,-0.6140625,0.0128643233329058,,
804,-0.608593750000001,0.0140703536453657,,
805,-0.603125,0.0132663334370591,,
806,-0.59765625,0.0136683435412124,,
807,-0.592187500000001,0.0136683435412124,,
808,-0.58671875,0.0140703536453657,,
809,-0.581250000000001,0.0164824142702855,,
810,-0.57578125,0.0140703536453657,,
811,-0.5703125,0.0140703536453657,,
812,-0.564843750000001,0.0120603031245992,,
813,-0.559375,0.0128643233329058,,
814,-0.553906250000001,0.0132663334370591,,
815,-0.5484375,0.0132663334370591,,
816,-0.54296875,0.0152763839578256,,
817,-0.537500000000001,0.0128643233329058,,
818,-0.53203125,0.0136683435412124,,
819,-0.526562500000001,0.0160804041661322,,
820,-0.52109375,0.0136683435412124,,
821,-0.515625,0.0128643233329058,,
822,-0.510156250000001,0.0152763839578256,,
823,-0.5046875,0.0128643233329058,,
824,-0.499218750000001,0.0116582930204459,,
825,-0.49375,0.0160804041661322,,
826,-0.48828125,0.0132663334370591,,
827,-0.482812500000001,0.0128643233329058,,
828,-0.47734375,0.0156783940619789,,
829,-0.471875000000001,0.0124623132287525,,
830,-0.46640625,0.0116582930204459,,
831,-0.4609375,0.0156783940619789,,
832,-0.455468750000001,0.0116582930204459,,
833,-0.45,0.0120603031245992,,
834,-0.444531250000001,0.0156783940619789,,
835,-0.4390625,0.0124623132287525,,
836,-0.43359375,0.0116582930204459,,
837,-0.428125000000001,0.0164824142702855,,
838,-0.42265625,0.0128643233329058,,
839,-0.417187500000001,0.0120603031245992,,
840,-0.41171875,0.0160804041661322,,
841,-0.40625,0.0136683435412124,,
842,-0.400781250000001,0.0116582930204459,,
843,-0.3953125,0.0156783940619789,,
844,-0.389843750000001,0.0128643233329058,,
845,-0.384375,0.0120603031245992,,
846,-0.37890625,0.018492464791052,,
847,-0.373437500000001,0.0128643233329058,,
848,-0.36796875,0.0140703536453657,,
849,-0.362500000000001,0.0132663334370591,,
850,-0.35703125,0.0136683435412124,,
851,-0.3515625,0.0116582930204459,,
852,-0.346093750000001,0.0132663334370591,,
853,-0.340625,0.0128643233329058,,
854,-0.335156250000001,0.0112562829162925,,
855,-0.3296875,0.0124623132287525,,
856,-0.32421875,0.0116582930204459,,
857,-0.318750000000001,0.0116582930204459,,
858,-0.31328125,0.0132663334370591,,
859,-0.307812500000001,0.0148743738536723,,
860,-0.30234375,0.0120603031245992,,
861,-0.296875,0.0132663334370591,,
862,-0.291406250000001,0.0124623132287525,,
863,-0.2859375,0.0128643233329058,,
864,-0.280468750000001,0.0120603031245992,,
865,-0.275,0.0132663334370591,,
866,-0.26953125,0.0120603031245992,,
867,-0.264062500000001,0.0140703536453657,,
868,-0.25859375,0.0108542728121392,,
869,-0.253125000000001,0.0120603031245992,,
870,-0.24765625,0.0120603031245992,,
871,-0.2421875,0.0132663334370591,,
872,-0.236718750000001,0.0112562829162925,,
873,-0.23125,0.0112562829162925,,
874,-0.225781250000001,0.0124623132287525,,
875,-0.2203125,0.0104522627079859,,
876,-0.21484375,0.0112562829162925,,
877,-0.209375000000001,0.0120603031245992,,
878,-0.20390625,0.0124623132287525,,
879,-0.198437500000001,0.0112562829162925,,
880,-0.19296875,0.0124623132287525,,
881,-0.1875,0.0128643233329058,,
882,-0.182031250000001,0.0120603031245992,,
883,-0.1765625,0.0128643233329058,,
884,-0.171093750000001,0.0128643233329058,,
885,-0.165625,0.0108542728121392,,
886,-0.16015625,0.0128643233329058,,
887,-0.154687500000001,0.0108542728121392,,
888,-0.14921875,0.0132663334370591,,
889,-0.143750000000001,0.014472363749519,,
890,-0.13828125,0.0116582930204459,,
891,-0.1328125,0.0132663334370591,,
892,-0.127343750000001,0.014472363749519,,
893,-0.121875,0.0120603031245992,,
894,-0.116406250000001,0.0140703536453657,,
895,-0.1109375,0.0160804041661322,,
896,-0.10546875,0.0132663334370591,,
897,-0.100000000000001,0.0132663334370591,,
898,-0.0945312500000002,0.0136683435412124,,
899,-0.0890625000000007,0.0124623132287525,,
900,-0.0835937500000004,0.014472363749519,,
901,-0.078125,0.0140703536453657,,
902,-0.0726562500000005,0.0132663334370591,,
903,-0.0671875000000002,0.0136683435412124,,
904,-0.0617187500000007,0.0128643233329058,,
905,-0.0562500000000004,0.0132663334370591,,
906,-0.05078125,0.0132663334370591,,
907,-0.0453125000000005,0.0140703536453657,,
908,-0.0398437500000002,0.014472363749519,,
909,-0.0343750000000007,0.0132663334370591,,
910,-0.0289062500000004,0.014472363749519,,
911,-0.0234375,0.0140703536453657,,
912,-0.0179687500000005,0.0128643233329058,,
913,-0.0125000000000002,0.0136683435412124,,
914,-0.00703125000000071,0.0132663334370591,,
